{"train_loss_step": 0.0002085501328110695, "_timestamp": 1716270439.6342814, "_runtime": 262.182115316391, "_step": 7839, "epoch": 19, "train_loss": 0.08125735764406272, "train_accuracy": 100.0, "test_loss": 57.720333099365234, "test_accuracy": 85.80999755859375, "_wandb": {"runtime": 261}}