{"train_loss_step": 9.755968494573608e-05, "_timestamp": 1716905424.8908124, "_runtime": 260.3305814266205, "_step": 7839, "epoch": 19, "train_loss": 0.17693695339403348, "train_accuracy": 99.99800109863281, "test_loss": 59.39374542236328, "test_accuracy": 82.06999969482422, "_wandb": {"runtime": 259}}