{"train_loss_step": 0.01533885020762682, "_timestamp": 1716822142.3589122, "_runtime": 131.52163815498352, "_step": 7839, "epoch": 19, "train_loss": 9.369910647976212, "train_accuracy": 99.13999938964844, "test_loss": 75.83827209472656, "test_accuracy": 82.29000091552734, "_wandb": {"runtime": 130}}