{"train_loss_step": 0.00016245918232016265, "_timestamp": 1716910272.7534468, "_runtime": 272.4879548549652, "_step": 7839, "epoch": 19, "train_loss": 0.11276089888997376, "train_accuracy": 100.0, "test_loss": 47.45123291015625, "test_accuracy": 83.22999572753906, "_wandb": {"runtime": 271}}