{"train_loss_step": 0.00033511975198052824, "_timestamp": 1716912013.5535445, "_runtime": 282.83146262168884, "_step": 7839, "epoch": 19, "train_loss": 0.14418346419552108, "train_accuracy": 100.0, "test_loss": 48.27474594116211, "test_accuracy": 83.43000030517578, "_wandb": {"runtime": 281}}