{"train_loss_step": 0.00016020899056456983, "_timestamp": 1716281481.3689852, "_runtime": 257.2105462551117, "_step": 7839, "epoch": 19, "train_loss": 0.06922762511021574, "train_accuracy": 100.0, "test_loss": 57.93011474609375, "test_accuracy": 85.37999725341797, "_wandb": {"runtime": 256}}