{"train_loss_step": 0.006250645034015179, "_timestamp": 1716292016.9679842, "_runtime": 254.71707916259766, "_step": 7839, "epoch": 19, "train_loss": 2.5913913302938454, "train_accuracy": 99.7959976196289, "test_loss": 69.23194885253906, "test_accuracy": 83.36000061035156, "_wandb": {"runtime": 253}}