{"train_loss_step": 0.0010071423603221774, "_timestamp": 1714665273.4184368, "_runtime": 128.43465566635132, "_step": 7839, "epoch": 19, "train_loss": 8.130016225157306, "train_accuracy": 99.29199981689453, "test_loss": 80.22083282470703, "test_accuracy": 81.48999786376953, "_wandb": {"runtime": 127}}