{"train_loss_step": 1.116848349571228, "_timestamp": 1714708325.4313836, "_runtime": 26.603967666625977, "_step": 463, "epoch": 0, "train_loss": 700.35573387146, "train_accuracy": 38.37199783325195, "test_loss": 114.70742797851562, "test_accuracy": 49.78999710083008}