{"train_loss_step": 0.05428391695022583, "_timestamp": 1716811108.3596306, "_runtime": 117.72978568077087, "_step": 7839, "epoch": 19, "train_loss": 6.65040502481861, "train_accuracy": 99.39399719238281, "test_loss": 84.83460998535156, "test_accuracy": 81.3499984741211, "_wandb": {"runtime": 116}}