{"train_loss_step": 0.04888784885406494, "_timestamp": 1716814435.4956698, "_runtime": 131.6749837398529, "_step": 7839, "epoch": 19, "train_loss": 9.756510311854072, "train_accuracy": 99.16999816894531, "test_loss": 118.94898986816406, "test_accuracy": 76.08999633789062, "_wandb": {"runtime": 130}}