{"train_loss_step": 0.039469748735427856, "_timestamp": 1716905708.98421, "_runtime": 265.2003209590912, "_step": 7839, "epoch": 19, "train_loss": 0.3054717699706089, "train_accuracy": 99.98199462890625, "test_loss": 55.58810806274414, "test_accuracy": 80.88999938964844, "_wandb": {"runtime": 263}}