{"train_loss_step": 0.02520127221941948, "_timestamp": 1716811105.98985, "_runtime": 115.45615601539612, "_step": 7839, "epoch": 19, "train_loss": 9.274461881723255, "train_accuracy": 99.15399932861328, "test_loss": 84.15951538085938, "test_accuracy": 80.72999572753906, "_wandb": {"runtime": 114}}