{"train_loss_step": 0.00606315303593874, "_timestamp": 1716812366.9745822, "_runtime": 131.13616013526917, "_step": 7839, "epoch": 19, "train_loss": 7.062516130274162, "train_accuracy": 99.4020004272461, "test_loss": 77.95381164550781, "test_accuracy": 82.83999633789062, "_wandb": {"runtime": 130}}