{"train_loss_step": 0.00015322798572015017, "_timestamp": 1716904845.8839188, "_runtime": 281.1315817832947, "_step": 7839, "epoch": 19, "train_loss": 0.1139842140401015, "train_accuracy": 100.0, "test_loss": 51.826255798339844, "test_accuracy": 83.1500015258789, "_wandb": {"runtime": 279}}