{"train_loss_step": 0.00026465070550329983, "_timestamp": 1716271796.2390616, "_runtime": 255.03237557411194, "_step": 7839, "epoch": 19, "train_loss": 0.09136325455983751, "train_accuracy": 100.0, "test_loss": 62.36579895019531, "test_accuracy": 84.72999572753906, "_wandb": {"runtime": 253}}