{"train_loss_step": 0.005719891749322414, "_timestamp": 1716818413.9747043, "_runtime": 129.27316617965698, "_step": 7839, "epoch": 19, "train_loss": 5.11215841138619, "train_accuracy": 99.58200073242188, "test_loss": 82.05004119873047, "test_accuracy": 82.57999420166016, "_wandb": {"runtime": 127}}