{"train_loss_step": 0.8415641784667969, "_timestamp": 1714708322.8914907, "_runtime": 38.43559265136719, "_step": 736, "epoch": 0, "train_loss": 767.8223921060562, "train_accuracy": 32.172000885009766, "test_loss": 156.51321411132812, "test_accuracy": 37.12999725341797}