{"train_loss": 565579.299621582, "_timestamp": 1713938302.081178, "_runtime": 46.82642388343811, "_step": 7}