{"train_loss_step": 0.0352160818874836, "_timestamp": 1716813254.738692, "_runtime": 132.85388898849487, "_step": 7839, "epoch": 19, "train_loss": 8.214780896611046, "train_accuracy": 99.29199981689453, "test_loss": 76.57005310058594, "test_accuracy": 82.31999969482422, "_wandb": {"runtime": 131}}