{"train_loss_step": 0.026665551587939262, "_timestamp": 1716889051.3298142, "_runtime": 242.59654331207275, "_step": 7839, "epoch": 19, "train_loss": 9.15576740441611, "train_accuracy": 98.7179946899414, "test_loss": 70.99716186523438, "test_accuracy": 81.75, "_wandb": {"runtime": 241}}