{"train_loss": 56.58992597833276, "_timestamp": 1713937592.9601636, "_runtime": 105.71902370452881, "_step": 19, "_wandb": {"runtime": 104}}