{"train_loss_step": 0.03337498754262924, "_timestamp": 1714656846.843353, "_runtime": 118.28973913192749, "_step": 7819, "_wandb": {"runtime": 117}}