{"train_loss": 44.01652588509023, "_timestamp": 1713899724.6527607, "_runtime": 100.70202970504761, "_step": 19, "_wandb": {"runtime": 99}}