{"train_loss_step": 0.009455193765461445, "_timestamp": 1715098886.0150871, "_runtime": 110.69572520256042, "_step": 7839, "epoch": 19, "train_loss": 10.110620108956937, "train_accuracy": 99.1259994506836, "test_loss": 77.58726501464844, "test_accuracy": 81.73999786376953, "_wandb": {"runtime": 106}}