{"train_loss_step": 2.4874351024627686, "_timestamp": 1714667772.9449325, "_runtime": 5.754499435424805, "_step": 0}