{"train_loss": 29.083778485655785, "accuracy": 97.4020004272461, "_timestamp": 1713939729.6710389, "_runtime": 109.99164390563965, "_step": 19, "_wandb": {"runtime": 109}}