{"train_loss_step": 0.0096645038574934, "_timestamp": 1716823141.553427, "_runtime": 130.0207040309906, "_step": 7839, "epoch": 19, "train_loss": 8.301185340329539, "train_accuracy": 99.29199981689453, "test_loss": 80.71435546875, "test_accuracy": 80.57999420166016, "_wandb": {"runtime": 128}}