{"train_loss_step": 0.009923041798174381, "_timestamp": 1716887466.1354911, "_runtime": 236.7920582294464, "_step": 7839, "epoch": 19, "train_loss": 4.310230517789023, "train_accuracy": 99.41600036621094, "test_loss": 63.01343536376953, "test_accuracy": 81.54000091552734, "_wandb": {"runtime": 234}}