{"train_loss_step": 0.00910731591284275, "_timestamp": 1714651546.1184568, "_runtime": 124.80421686172485, "_step": 7624, "train_loss": 6.917712337861303, "train_accuracy": 99.3740005493164, "test_loss": 94.14704132080078, "test_accuracy": 78.55999755859375}