{"train_loss_step": 0.02989271655678749, "_timestamp": 1716812051.0457995, "_runtime": 120.37308549880981, "_step": 7839, "epoch": 19, "train_loss": 8.004123412130866, "train_accuracy": 99.33599853515625, "test_loss": 96.87150573730469, "test_accuracy": 79.05999755859375, "_wandb": {"runtime": 119}}