{"train_loss": 36.184536814689636, "accuracy": 96.56999969482422, "_timestamp": 1713954060.5966823, "_runtime": 143.78609323501587, "_step": 19, "_wandb": {"runtime": 142}}