{"train_loss_step": 0.00024715863401070237, "_timestamp": 1716279860.948102, "_runtime": 256.02811908721924, "_step": 7839, "epoch": 19, "train_loss": 0.0843425054627005, "train_accuracy": 100.0, "test_loss": 64.893798828125, "test_accuracy": 84.37999725341797, "_wandb": {"runtime": 252}}