{"train_loss_step": 0.04940923675894737, "_timestamp": 1716887990.5368373, "_runtime": 230.11722540855408, "_step": 7839, "epoch": 19, "train_loss": 3.0906465229636524, "train_accuracy": 99.56199645996094, "test_loss": 87.98439025878906, "test_accuracy": 79.7699966430664, "_wandb": {"runtime": 229}}