{"train_loss_step": 0.008586997166275978, "_timestamp": 1716194358.5022852, "_runtime": 498.8690333366394, "_step": 7839, "epoch": 19, "train_loss": 0.09912725973481429, "train_accuracy": 99.99800109863281, "test_loss": 71.70733642578125, "test_accuracy": 83.63999938964844, "_wandb": {"runtime": 497}}