{"train_loss_step": 0.731753945350647, "_timestamp": 1714708319.3135502, "_runtime": 41.26689434051514, "_step": 782, "epoch": 0, "train_loss": 736.6082850694656, "train_accuracy": 36.321998596191406, "test_loss": 139.81968688964844, "test_accuracy": 37.05999755859375}