{"train_loss_step": 0.043567050248384476, "_timestamp": 1716810594.4835477, "_runtime": 131.36601567268372, "_step": 7839, "epoch": 19, "train_loss": 10.084202538535465, "train_accuracy": 99.10399627685547, "test_loss": 87.69488525390625, "test_accuracy": 80.0, "_wandb": {"runtime": 130}}