{"train_loss_step": 0.38260218501091003, "_timestamp": 1714708317.1106188, "_runtime": 65.53910994529724, "_step": 1820, "epoch": 3, "train_loss": 225.15505000948906, "train_accuracy": 79.98400115966797, "test_loss": 108.18909454345703, "test_accuracy": 58.88999938964844}