{"train_loss_step": 0.07941451668739319, "_timestamp": 1716884105.3876324, "_runtime": 232.44783544540405, "_step": 7839, "epoch": 19, "train_loss": 15.033940166933462, "train_accuracy": 98.08999633789062, "test_loss": 65.02327728271484, "test_accuracy": 77.80999755859375, "_wandb": {"runtime": 230}}