{"train_loss_step": 0.00023119451361708343, "_timestamp": 1716907405.3889003, "_runtime": 276.20741724967957, "_step": 7839, "epoch": 19, "train_loss": 0.11379971903807018, "train_accuracy": 100.0, "test_loss": 52.140018463134766, "test_accuracy": 82.70999908447266, "_wandb": {"runtime": 274}}