{"train_loss": 555525.984954834, "_timestamp": 1713938495.2867582, "_runtime": 101.64106512069702, "_step": 19, "_wandb": {"runtime": 100}}