{"train_loss": 51.274571638554335, "train_accuracy": 95.37999725341797, "test_loss": 70.33580780029297, "test_accuracy": 77.73999786376953, "_timestamp": 1714651394.9781501, "_runtime": 64.85805821418762, "_step": 9, "_wandb": {"runtime": 69}}