{"train_loss_step": 0.0037330600898712873, "_timestamp": 1716813106.04971, "_runtime": 129.6686990261078, "_step": 7839, "epoch": 19, "train_loss": 7.794722118589561, "train_accuracy": 99.32799530029297, "test_loss": 72.64735412597656, "test_accuracy": 82.54999542236328, "_wandb": {"runtime": 128}}