{"train_loss_step": 0.0003240882360842079, "_timestamp": 1716903416.9955902, "_runtime": 272.52581214904785, "_step": 7839, "epoch": 19, "train_loss": 0.10942884503310779, "train_accuracy": 100.0, "test_loss": 54.96714401245117, "test_accuracy": 82.04000091552734, "_wandb": {"runtime": 271}}