{"train_loss_step": 0.0058703045360744, "_timestamp": 1716813845.5199986, "_runtime": 130.4139895439148, "_step": 7839, "epoch": 19, "train_loss": 4.396351587842219, "train_accuracy": 99.65599822998047, "test_loss": 76.01210021972656, "test_accuracy": 81.80999755859375, "_wandb": {"runtime": 129}}