{"train_loss_step": 0.00021387182641774416, "_timestamp": 1716905993.9794774, "_runtime": 268.7531533241272, "_step": 7839, "epoch": 19, "train_loss": 0.15688980234699557, "train_accuracy": 99.9959945678711, "test_loss": 51.98126220703125, "test_accuracy": 83.04000091552734, "_wandb": {"runtime": 267}}