{"train_loss_step": 0.04488154873251915, "_timestamp": 1716887464.5259848, "_runtime": 234.79221487045288, "_step": 7839, "epoch": 19, "train_loss": 12.462504006689414, "train_accuracy": 98.2239990234375, "test_loss": 55.1042366027832, "test_accuracy": 80.0999984741211, "_wandb": {"runtime": 233}}