{"train_loss_step": 0.00023589761985931545, "_timestamp": 1716909969.418189, "_runtime": 270.6804430484772, "_step": 7839, "epoch": 19, "train_loss": 0.11355393534904579, "train_accuracy": 100.0, "test_loss": 50.391639709472656, "test_accuracy": 83.31999969482422, "_wandb": {"runtime": 268}}