{"train_loss_step": 0.0006101638427935541, "_timestamp": 1716907392.3509974, "_runtime": 263.13288140296936, "_step": 7839, "epoch": 19, "train_loss": 0.15282586238026852, "train_accuracy": 99.99800109863281, "test_loss": 54.91768264770508, "test_accuracy": 81.87999725341797, "_wandb": {"runtime": 261}}