{"train_loss_step": 0.024912094697356224, "_timestamp": 1716816204.2878137, "_runtime": 130.44056272506714, "_step": 7839, "epoch": 19, "train_loss": 9.021414923132397, "train_accuracy": 99.26200103759766, "test_loss": 91.06002044677734, "test_accuracy": 79.44999694824219, "_wandb": {"runtime": 129}}