{"train_loss": 39.04822915326804, "_timestamp": 1713899551.245662, "_runtime": 103.99560809135437, "_step": 19, "_wandb": {"runtime": 103}}