{"train_loss_step": 0.0010271499631926417, "_timestamp": 1716909678.1536064, "_runtime": 259.5823793411255, "_step": 7839, "epoch": 19, "train_loss": 0.39818880245729815, "train_accuracy": 99.97999572753906, "test_loss": 53.244720458984375, "test_accuracy": 83.29000091552734, "_wandb": {"runtime": 257}}