{"train_loss": 7408.460740566254, "_timestamp": 1713938123.6093202, "_runtime": 108.08768320083618, "_step": 19, "_wandb": {"runtime": 107}}