{"train_loss_step": 0.005408179014921188, "_timestamp": 1716888532.0243125, "_runtime": 247.0755693912506, "_step": 7839, "epoch": 19, "train_loss": 19.087925965199247, "train_accuracy": 97.49800109863281, "test_loss": 63.116947174072266, "test_accuracy": 81.22999572753906, "_wandb": {"runtime": 246}}