{"train_loss_step": 0.0004092322778888047, "_timestamp": 1716290122.448868, "_runtime": 253.56804704666138, "_step": 7839, "epoch": 19, "train_loss": 0.10081158871616935, "train_accuracy": 100.0, "test_loss": 64.76805877685547, "test_accuracy": 84.1500015258789, "_wandb": {"runtime": 252}}