{"train_loss_step": 0.0002330142742721364, "_timestamp": 1715672616.9949322, "_runtime": 339.296373128891, "_step": 7839, "epoch": 19, "train_loss": 0.0807749979539949, "train_accuracy": 100.0, "test_loss": 59.238372802734375, "test_accuracy": 84.97000122070312, "_wandb": {"runtime": 338}}