{"train_loss_step": 4.449989864951931e-05, "_timestamp": 1716291748.2137206, "_runtime": 257.16498851776123, "_step": 7839, "epoch": 19, "train_loss": 0.09099409978080075, "train_accuracy": 100.0, "test_loss": 61.66145324707031, "test_accuracy": 84.88999938964844, "_wandb": {"runtime": 255}}