{"train_loss_step": 0.0002330142742721364, "_timestamp": 1715673318.8216848, "_runtime": 1041.089766740799, "_step": 7839, "epoch": 19, "train_loss": 0.0807749979539949, "train_accuracy": 100.0, "test_loss": 59.238372802734375, "test_accuracy": 84.97000122070312, "_wandb": {"runtime": 1040}}