{"train_loss_step": 0.0006273559993132949, "_timestamp": 1714666406.0698304, "_runtime": 60.83669137954712, "_step": 1339, "epoch": 19, "train_loss": 0.0648800689377822, "train_accuracy": 16.895999908447266, "test_loss": 66.36917877197266, "test_accuracy": 81.18000030517578, "_wandb": {"runtime": 59}}