{"train_loss_step": 0.0068346671760082245, "_timestamp": 1716887216.1614573, "_runtime": 239.26038241386414, "_step": 7839, "epoch": 19, "train_loss": 7.361832548980601, "train_accuracy": 98.84199523925781, "test_loss": 61.03369903564453, "test_accuracy": 82.11000061035156, "_wandb": {"runtime": 238}}