{"train_loss_step": 0.0017164831515401602, "_timestamp": 1716824444.402765, "_runtime": 122.22426104545593, "_step": 7839, "epoch": 19, "train_loss": 6.48049777012784, "train_accuracy": 99.43999481201172, "test_loss": 76.40340423583984, "test_accuracy": 82.68999481201172, "_wandb": {"runtime": 120}}