{"train_loss_step": 0.00012898686691187322, "_timestamp": 1716909398.6407397, "_runtime": 258.9389646053314, "_step": 7839, "epoch": 19, "train_loss": 0.189117972025997, "train_accuracy": 99.98600006103516, "test_loss": 58.35126495361328, "test_accuracy": 81.72999572753906, "_wandb": {"runtime": 257}}