{"train_loss_step": 0.122580386698246, "_timestamp": 1716885686.434751, "_runtime": 244.45133900642395, "_step": 7839, "epoch": 19, "train_loss": 33.73498405981809, "train_accuracy": 95.32799530029297, "test_loss": 72.81549835205078, "test_accuracy": 72.12999725341797, "_wandb": {"runtime": 243}}