{"train_loss_step": 0.03236592561006546, "_timestamp": 1714752645.1657257, "_runtime": 127.18048667907715, "_step": 7839, "epoch": 19, "train_loss": 11.005804998218082, "train_accuracy": 99.03599548339844, "test_loss": 87.9277114868164, "test_accuracy": 80.08999633789062, "_wandb": {"runtime": 126}}