{"train_loss_step": 0.0002330142742721364, "_timestamp": 1715672610.7273257, "_runtime": 333.2947475910187, "_step": 7839, "epoch": 19, "train_loss": 0.0807749979539949, "train_accuracy": 100.0, "test_loss": 59.238372802734375, "test_accuracy": 84.97000122070312, "_wandb": {"runtime": 332}}