{"train_loss_step": 0.0002330142742721364, "_timestamp": 1715672691.6345208, "_runtime": 413.23739075660706, "_step": 7839, "epoch": 19, "train_loss": 0.0807749979539949, "train_accuracy": 100.0, "test_loss": 59.238372802734375, "test_accuracy": 84.97000122070312, "_wandb": {"runtime": 412}}