{"train_loss_step": 0.055586475878953934, "_timestamp": 1716822282.690127, "_runtime": 123.19081282615662, "_step": 7839, "epoch": 19, "train_loss": 9.77123336168006, "train_accuracy": 99.1259994506836, "test_loss": 91.44595336914062, "test_accuracy": 80.33999633789062, "_wandb": {"runtime": 122}}