{"train_loss_step": 0.00036070405622012913, "_timestamp": 1716909956.4681907, "_runtime": 257.0152735710144, "_step": 7839, "epoch": 19, "train_loss": 0.13779968536255183, "train_accuracy": 100.0, "test_loss": 53.015960693359375, "test_accuracy": 81.55999755859375, "_wandb": {"runtime": 255}}